continent,country,year,pop,gdp
Africa,Algeria,1972,14760787,61739408942.54384
Africa,Algeria,1977,17152804,84227416173.98381
Africa,Algeria,1982,20033753,115097120652.66939
Africa,Algeria,1987,23254956,132119742844.66928
Africa,Algeria,1992,26298373,132102425042.61534
Africa,Algeria,1997,29072015,139467033682.09778
Africa,Algeria,2002,31287142,165447670333.36826
Africa,Algeria,2007,33333216,207444851958.21744
Africa,Angola,1972,5894858,32264255582.578293
Africa,Angola,1977,6162675,18541315838.474625
Africa,Angola,1982,7016384,19343845632.962048
Africa,Angola,1987,7874230,19136019188.72553
Africa,Angola,1992,8735988,22956828370.01178
Africa,Angola,1997,9875024,22486820880.881214
Africa,Angola,2002,10866106,30134833900.64707
Africa,Angola,2007,12420476,59583895818.22309
Africa,Benin,1972,2761407,2998327102.248753
Africa,Benin,1977,3168267,3260657629.222017
Africa,Benin,1982,3641603,4653595792.118448
Africa,Benin,1987,4243788,5202273024.965879
Africa,Benin,1992,4981671,5934204759.414951
Africa,Benin,1997,6066080,7479326759.295361
Africa,Benin,2002,7026113,9645995478.412203
Africa,Benin,2007,8078314,11643151767.544123
Africa,Botswana,1972,619351,1401969807.067014
Africa,Botswana,1977,781472,2512321368.748096
Africa,Botswana,1982,970347,4416187131.82605
Africa,Botswana,1987,1151184,7144114193.9784
Africa,Botswana,1992,1342614,10679301652.14003
Africa,Botswana,1997,1536536,13286645461.047768
Africa,Botswana,2002,1630347,17939694531.36276
Africa,Botswana,2007,1639131,20603633701.61187
Africa,Burkina Faso,1972,5433886,4644537855.3129015
Africa,Burkina Faso,1977,5889574,4378232963.874324
Africa,Burkina Faso,1982,6634596,5355436506.563958
Africa,Burkina Faso,1987,7586551,6919413539.727277
Africa,Burkina Faso,1992,8878303,8272383440.6720495
Africa,Burkina Faso,1997,10352843,9796843171.206398
Africa,Burkina Faso,2002,12251209,12712408470.32219
Africa,Burkina Faso,2007,14326203,17435461729.74178
Africa,Burundi,1972,3529983,1638263359.0754337
Africa,Burundi,1977,3834415,2132330701.2484167
Africa,Burundi,1982,4580410,2563212235.3047104
Africa,Burundi,1987,5126023,3187457567.5142345
Africa,Burundi,1992,5809236,3669693671.311361
Africa,Burundi,1997,6121610,2835010319.923958
Africa,Burundi,2002,7021078,3134233881.438583
Africa,Burundi,2007,8390505,3608510288.223258
Africa,Cameroon,1972,7021028,11824439929.190784
Africa,Cameroon,1977,7959865,14195884905.642145
Africa,Cameroon,1982,9250831,21905813152.60734
Africa,Cameroon,1987,10780667,28058456117.705402
Africa,Cameroon,1992,12467171,22355673217.746536
Africa,Cameroon,1997,14195809,24052491091.467422
Africa,Cameroon,2002,15929988,30808779174.432613
Africa,Cameroon,2007,17696293,36137515700.94532
Africa,Central African Republic,1972,1927260,2062193784.3765001
Africa,Central African Republic,1977,2167533,2404605486.968154
Africa,Central African Republic,1982,2476971,2369849412.1271696
Africa,Central African Republic,1987,2840009,2399456439.0231533
Africa,Central African Republic,1992,3265124,2442004280.063125
Africa,Central African Republic,1997,3696513,2737291281.7113624
Africa,Central African Republic,2002,4048013,2990229179.3042884
Africa,Central African Republic,2007,4369038,3084613078.781406
Africa,Chad,1972,3899068,4304976524.384116
Africa,Chad,1977,4388260,4976220796.687
Africa,Chad,1982,4875118,3889896143.5808706
Africa,Chad,1987,5498955,5237128465.995194
Africa,Chad,1992,6429417,6802736597.5131
Africa,Chad,1997,7562011,7599528805.960883
Africa,Chad,2002,8835739,10215721151.49454
Africa,Chad,2007,10238807,17447579585.73727
Africa,Comoros,1972,250027,484446733.347225
Africa,Comoros,1977,304739,357337879.939733
Africa,Comoros,1982,348643,441765574.237369
Africa,Comoros,1987,395114,519962442.552568
Africa,Comoros,1992,454429,566630869.24173
Africa,Comoros,1997,527982,619649302.95177
Africa,Comoros,2002,614382,660959256.627156
Africa,Comoros,2007,710960,701111696.196032
Africa,Congo Dem. Rep.,1972,23007669,20819549223.449326
Africa,Congo Dem. Rep.,1977,26480870,21072345136.19534
Africa,Congo Dem. Rep.,1982,30646495,20648009138.66256
Africa,Congo Dem. Rep.,1987,35481645,23871157044.32574
Africa,Congo Dem. Rep.,1992,41672143,19074139151.97324
Africa,Congo Dem. Rep.,1997,47798986,14922290060.339079
Africa,Congo Dem. Rep.,2002,55379852,13355730548.020277
Africa,Congo Dem. Rep.,2007,64606759,17931726045.032955
Africa,Congo Rep.,1972,1340458,4307096219.148814
Africa,Congo Rep.,1977,1536769,5008605218.842082
Africa,Congo Rep.,1982,1774735,8659832782.05667
Africa,Congo Rep.,1987,2064095,8671665463.487015
Africa,Congo Rep.,1992,2409073,9675414210.846617
Africa,Congo Rep.,1997,2800947,9758959756.464073
Africa,Congo Rep.,2002,3328795,11597728065.426151
Africa,Congo Rep.,2007,3800610,13805935492.65678
Africa,Cote d'Ivoire,1972,6071696,14439714172.854256
Africa,Cote d'Ivoire,1977,7459574,18781242084.85098
Africa,Cote d'Ivoire,1982,9025951,23491934452.59572
Africa,Cote d'Ivoire,1987,10761098,23211215640.203762
Africa,Cote d'Ivoire,1992,12772596,21050180710.631435
Africa,Cote d'Ivoire,1997,14625967,26125858896.02357
Africa,Cote d'Ivoire,2002,16252726,26797508004.7935
Africa,Cote d'Ivoire,2007,18013409,27826215570.25181
Africa,Djibouti,1972,178848,660702490.730496
Africa,Djibouti,1977,228694,704780255.1652681
Africa,Djibouti,1982,305991,881091313.2893969
Africa,Djibouti,1987,311025,895783901.2121999
Africa,Djibouti,1992,384156,913198814.093952
Africa,Djibouti,1997,417908,791942757.749472
Africa,Djibouti,2002,447416,853786444.069672
Africa,Djibouti,2007,496374,1033689705.3380579
Africa,Egypt,1972,34807417,70450495584.0263
Africa,Egypt,1977,38783863,108032201471.66727
Africa,Egypt,1982,45681811,160056715026.8508
Africa,Egypt,1987,52799062,205148680925.854
Africa,Egypt,1992,59402198,225416799454.9186
Africa,Egypt,1997,66134291,275990419358.7009
Africa,Egypt,2002,73312559,348572216623.03546
Africa,Egypt,2007,80264543,447970942204.7539
Africa,Equatorial Guinea,1972,277603,186663659.8077313
Africa,Equatorial Guinea,1977,192675,184691860.57917
Africa,Equatorial Guinea,1982,285483,264878362.31002408
Africa,Equatorial Guinea,1987,341244,329947736.7037356
Africa,Equatorial Guinea,1992,387838,439053960.276492
Africa,Equatorial Guinea,1997,439971,1238289912.258105
Africa,Equatorial Guinea,2002,495627,3818060562.4293
Africa,Equatorial Guinea,2007,551201,6699346424.289749
Africa,Eritrea,1972,2260187,1162468889.1589334
Africa,Eritrea,1977,2512642,1270778258.8869433
Africa,Eritrea,1982,2637297,1384253502.731342
Africa,Eritrea,1987,2915959,1519605766.2033348
Africa,Eritrea,1992,3668440,2138181473.1580877
Africa,Eritrea,1997,4058319,3707155863.00201
Africa,Eritrea,2002,4414865,3378916934.3722973
Africa,Eritrea,2007,4906585,3146934083.952906
Africa,Ethiopia,1972,30770372,17423536805.781242
Africa,Ethiopia,1977,34617799,19275480698.056137
Africa,Ethiopia,1982,38111756,22023287795.452908
Africa,Ethiopia,1987,42999530,24670606852.182327
Africa,Ethiopia,1992,52088559,21947694837.133503
Africa,Ethiopia,1997,59861301,30881810733.929092
Africa,Ethiopia,2002,67946797,36015439731.14233
Africa,Ethiopia,2007,76511887,52854838162.23072
Africa,Gabon,1972,537977,6133985999.76657
Africa,Gabon,1977,706367,15360355361.073761
Africa,Gabon,1982,753874,11393570619.155561
Africa,Gabon,1987,880397,10445389597.35068
Africa,Gabon,1992,985739,13329318031.60728
Africa,Gabon,1997,1126189,16580702573.99532
Africa,Gabon,2002,1299304,16269512983.111681
Africa,Gabon,2007,1454867,19213678514.15884
Africa,Gambia,1972,517101,390973259.13756627
Africa,Gambia,1977,608274,538173615.3642918
Africa,Gambia,1982,715523,598041000.1484483
Africa,Gambia,1987,848406,518935047.7104066
Africa,Gambia,1992,1025384,682520622.6894385
Africa,Gambia,1997,1235767,807858171.4846969
Africa,Gambia,2002,1457766,962979227.3322701
Africa,Gambia,2007,1688359,1270911775.4838135
Africa,Ghana,1972,9354120,11021245951.47696
Africa,Ghana,1977,10538093,10466686429.74781
Africa,Ghana,1982,11400338,9987067385.608322
Africa,Ghana,1987,14168101,12000468163.685463
Africa,Ghana,1992,16278738,15058811881.205652
Africa,Ghana,1997,18418288,18514906876.209854
Africa,Ghana,2002,20550751,22852118178.31808
Africa,Ghana,2007,22873338,30366847330.241577
Africa,Guinea,1972,3811387,2826777030.028981
Africa,Guinea,1977,4227026,3697319890.228572
Africa,Guinea,1982,4710497,4038075238.194777
Africa,Guinea,1987,5650262,4551695525.657612
Africa,Guinea,1992,6990574,5552951540.4196415
Africa,Guinea,1997,8048834,6998056844.311912
Africa,Guinea,2002,8807818,8328528109.017366
Africa,Guinea,2007,9947814,9377348758.339535
Africa,Guinea-Bissau,1972,625361,512936468.3261236
Africa,Guinea-Bissau,1977,745228,569895199.8055184
Africa,Guinea-Bissau,1982,825987,692279501.2130277
Africa,Guinea-Bissau,1987,927524,683042950.1421604
Africa,Guinea-Bissau,1992,1050938,783516180.5286227
Africa,Guinea-Bissau,1997,1193708,950984748.8867148
Africa,Guinea-Bissau,2002,1332459,767102932.3085784
Africa,Guinea-Bissau,2007,1472041,852652874.197463
Africa,Kenya,1972,12044785,14723063007.16688
Africa,Kenya,1977,14500404,18380903573.734417
Africa,Kenya,1982,17661452,23811625092.908535
Africa,Kenya,1987,21198082,28870449152.310192
Africa,Kenya,1992,25020539,33575604755.22762
Africa,Kenya,1997,28263827,38452513269.63537
Africa,Kenya,2002,31386842,40411021465.956345
Africa,Kenya,2007,35610177,52106565927.142914
Africa,Lesotho,1972,1116779,554571893.9555237
Africa,Lesotho,1977,1251524,932847869.1801791
Africa,Lesotho,1982,1411807,1125581635.8690717
Africa,Lesotho,1987,1599200,1237769947.9887202
Africa,Lesotho,1992,1803195,1762598359.1406376
Africa,Lesotho,1997,1982823,2351921523.907062
Africa,Lesotho,2002,2046772,2610012082.9419
Africa,Lesotho,2007,2012649,3158513357.4098577
Africa,Liberia,1972,1482628,1190558369.5117981
Africa,Liberia,1977,1703617,1090864191.3693311
Africa,Liberia,1982,1956875,1119723032.3696249
Africa,Liberia,1987,2269414,1148581873.3506222
Africa,Liberia,1992,1912974,1217843092.0424035
Africa,Liberia,1997,2200725,1340624342.8743298
Africa,Liberia,2002,2814651,1495937378.2921028
Africa,Liberia,2007,3193942,1323912407.325193
Africa,Libya,1972,2183877,45886525492.48317
Africa,Libya,1977,2721783,59746434997.768074
Africa,Libya,1982,3344074,58067421827.098114
Africa,Libya,1987,3799845,44726416798.581
Africa,Libya,1992,4364501,42074394127.753
Africa,Libya,1997,4759670,45061918969.36153
Africa,Libya,2002,5368585,51187726429.174194
Africa,Libya,2007,6036914,72790086208.42192
Africa,Madagascar,1972,7082430,12384074920.60626
Africa,Madagascar,1977,8007166,12364894630.047276
Africa,Madagascar,1982,9171477,11949321645.637867
Africa,Madagascar,1987,10568642,12211452300.194614
Africa,Madagascar,1992,12210395,12707067346.995049
Africa,Madagascar,1997,14165114,13970993798.906097
Africa,Madagascar,2002,16473477,14737783396.96881
Africa,Madagascar,2007,19167654,20025792284.704403
Africa,Malawi,1972,4730997,2765844790.461987
Africa,Malawi,1977,5637246,3738755018.0186434
Africa,Malawi,1982,6502825,4115013156.9265423
Africa,Malawi,1987,7824747,4972762582.71206
Africa,Malawi,1992,10014249,5640025182.00661
Africa,Malawi,1997,10419991,7213507712.843707
Africa,Malawi,2002,11824495,7868292338.770106
Africa,Malawi,2007,13327079,10119916240.545597
Africa,Mali,1972,5828158,3388309666.1932235
Africa,Mali,1977,6491649,4455837163.556076
Africa,Mali,1982,6998256,4325020632.17221
Africa,Mali,1987,7634008,5222971144.090861
Africa,Mali,1992,8416215,6219703868.090625
Africa,Mali,1997,9384984,7416558541.343246
Africa,Mali,2002,10580176,10066082622.160316
Africa,Mali,2007,12031795,12544127564.604815
Africa,Mauritania,1972,1332786,2114933837.791866
Africa,Mauritania,1977,1456688,2181378951.337424
Africa,Mauritania,1982,1622136,2402627042.983704
Africa,Mauritania,1987,1841240,2617513368.27424
Africa,Mauritania,1992,2119465,2885375609.24556
Africa,Mauritania,1997,2444741,3625883720.260776
Africa,Mauritania,2002,2828858,4466822066.371894
Africa,Mauritania,2007,3270065,5896422596.76724
Africa,Mauritius,1972,851334,2192597230.1667724
Africa,Mauritius,1977,913025,3388220219.793075
Africa,Mauritius,1982,992040,3658680958.59756
Africa,Mauritius,1987,1042663,4987669071.042689
Africa,Mauritius,1992,1096202,6641069982.492891
Africa,Mauritius,1997,1149818,8538209610.88631
Africa,Mauritius,2002,1200206,10828037566.874163
Africa,Mauritius,2007,1250882,13705902966.167841
Africa,Morocco,1972,16660670,32158341514.13325
Africa,Morocco,1977,18396941,43612155831.89342
Africa,Morocco,1982,20198730,54589498863.34788
Africa,Morocco,1987,22987397,63331358935.77243
Africa,Morocco,1992,25798239,76054427590.38922
Africa,Morocco,1997,28529501,85077877939.91286
Africa,Morocco,2002,31167783,101560083268.57027
Africa,Morocco,2007,33757175,128958323769.77524
Africa,Mozambique,1972,9809596,7111150787.504306
Africa,Mozambique,1977,11127868,5589747687.070392
Africa,Mozambique,1982,12587223,5817958152.491823
Africa,Mozambique,1987,12891952,5026265057.806339
Africa,Mozambique,1992,13160731,5407702568.102271
Africa,Mozambique,1997,16603334,7842519681.681051
Africa,Mozambique,2002,18473780,11705318549.540148
Africa,Mozambique,2007,19951656,16433892152.362549
Africa,Namibia,1972,821782,3078461893.609336
Africa,Namibia,1977,977026,3787427569.6009083
Africa,Namibia,1982,1099010,4606061372.59411
Africa,Namibia,1987,1278184,4721268295.252008
Africa,Namibia,1992,1554253,5913214598.559747
Africa,Namibia,1997,1774766,6920743072.82316
Africa,Namibia,2002,1972153,8031247474.658903
Africa,Namibia,2007,2055080,9887114066.42932
Africa,Niger,1972,5060262,4828548738.4979105
Africa,Niger,1977,5682086,4596222732.797861
Africa,Niger,1982,6437188,5856052413.331255
Africa,Niger,1987,7332638,4900402142.5841465
Africa,Niger,1992,8392818,4877760835.66905
Africa,Niger,1997,9666252,5609376389.039919
Africa,Niger,2002,11140655,6696363647.1662855
Africa,Niger,2007,12894865,7990649871.117527
Africa,Nigeria,1972,53740085,91271560517.17123
Africa,Nigeria,1977,62209173,123295582777.11644
Africa,Nigeria,1982,73039376,115181178668.38
Africa,Nigeria,1987,81551520,112951266107.58577
Africa,Nigeria,1992,93364244,151235904174.95294
Africa,Nigeria,1997,106207839,172581501319.65472
Africa,Nigeria,2002,119901274,193674896635.36725
Africa,Nigeria,2007,135031164,271949699763.733
Africa,Reunion,1972,461633,2330165765.413379
Africa,Reunion,1977,492095,2125753982.350365
Africa,Reunion,1982,517810,2727418853.1769304
Africa,Reunion,1987,562035,2980683766.46808
Africa,Reunion,1992,622191,3796146461.7681932
Africa,Reunion,1997,684810,4158126197.6669097
Africa,Reunion,2002,743981,4699106901.6612005
Africa,Reunion,2007,798094,6121478792.804452
Africa,Rwanda,1972,3992121,2357669470.14992
Africa,Rwanda,1977,4657072,3120613605.125979
Africa,Rwanda,1982,5507565,4855307638.792286
Africa,Rwanda,1987,6349365,5384205753.527205
Africa,Rwanda,1992,7290203,5373379681.745765
Africa,Rwanda,1997,7212583,4255023708.4276733
Africa,Rwanda,2002,7852401,6169268408.369285
Africa,Rwanda,2007,8860588,7647471286.170773
Africa,Sao Tome and Principe,1972,76595,117419005.53013
Africa,Sao Tome and Principe,1977,86796,150813401.580972
Africa,Sao Tome and Principe,1982,98593,186362274.80938098
Africa,Sao Tome and Principe,1987,110812,168049218.941084
Africa,Sao Tome and Principe,1992,125911,179898843.338554
Africa,Sao Tome and Principe,1997,145608,194980183.449888
Africa,Sao Tome and Principe,2002,170372,230529056.66908
Africa,Sao Tome and Principe,2007,199579,319014076.627531
Africa,Senegal,1972,4588696,7331414920.518976
Africa,Senegal,1977,5260855,8216240862.75418
Africa,Senegal,1982,6147783,9335285431.475471
Africa,Senegal,1987,7171347,10339079560.20984
Africa,Senegal,1992,8307920,11364398525.70248
Africa,Senegal,1997,9535314,13276669392.30596
Africa,Senegal,2002,10870037,16518491524.444695
Africa,Senegal,2007,12267493,21007739941.07505
Africa,Sierra Leone,1972,2879013,3897491953.674906
Africa,Sierra Leone,1977,3140897,4234824811.047623
Africa,Sierra Leone,1982,3464522,5075562091.405249
Africa,Sierra Leone,1987,3868905,5008095519.23214
Africa,Sierra Leone,1992,4260884,4553590871.789752
Africa,Sierra Leone,1997,4578212,2630861090.902211
Africa,Sierra Leone,2002,5359092,3748629725.0205965
Africa,Sierra Leone,2007,6144562,5299935153.3833275
Africa,Somalia,1972,3840161,4817774314.436447
Africa,Somalia,1977,4353666,6317136770.102657
Africa,Somalia,1982,5828892,6859481088.539652
Africa,Somalia,1987,6921858,7567286393.101254
Africa,Somalia,1992,6099799,5654271489.020423
Africa,Somalia,1997,6633514,6173124436.1413975
Africa,Somalia,2002,7753310,6839053809.780157
Africa,Somalia,2007,9118773,8445270167.805196
Africa,South Africa,1972,23935810,185884606122.39517
Africa,South Africa,1977,27129932,217816767591.77216
Africa,South Africa,1982,31140029,266816058819.64062
Africa,South Africa,1987,35933379,281208278147.40186
Africa,South Africa,1992,39964159,288743816612.72406
Africa,South Africa,1997,42835005,320371065827.6812
Africa,South Africa,2002,44433622,342625279554.9402
Africa,South Africa,2007,43997828,407844809855.241
Africa,Sudan,1972,14597019,24225983090.077724
Africa,Sudan,1977,17104986,37682086133.57707
Africa,Sudan,1982,20367053,38606646598.62687
Africa,Sudan,1987,24725960,37282276212.66764
Africa,Sudan,1992,28227588,42121123344.622284
Africa,Sudan,1997,32160729,52493088051.886955
Africa,Sudan,2002,37090298,73935737498.95758
Africa,Sudan,2007,42292929,110062906753.49036
Africa,Swaziland,1972,480105,1615474887.845625
Africa,Swaziland,1977,551425,2085164350.03065
Africa,Swaziland,1982,649901,2531613968.682218
Africa,Swaziland,1987,779348,3105576937.802576
Africa,Swaziland,1992,962344,3419229788.5056
Africa,Swaziland,1997,1054486,4087998066.3115597
Africa,Swaziland,2002,1130269,4665882609.047667
Africa,Swaziland,2007,1133066,5114071458.241438
Africa,Tanzania,1972,14706593,13471019459.735306
Africa,Tanzania,1977,17129565,16487074298.368458
Africa,Tanzania,1982,19844382,17348804251.999435
Africa,Tanzania,1987,23040630,19165704757.286022
Africa,Tanzania,1992,26605473,21967672236.47074
Africa,Tanzania,1997,30686889,24217670028.598938
Africa,Tanzania,2002,34593779,31102374563.392746
Africa,Tanzania,2007,38139640,42238971727.89448
Africa,Togo,1972,2056351,3392280377.2539883
Africa,Togo,1977,2308582,3538541387.596836
Africa,Togo,1982,2644765,3556092709.866045
Africa,Togo,1987,3154264,3792060473.7533035
Africa,Togo,1992,3747553,3876089960.581912
Africa,Togo,1997,4320890,4244353748.338627
Africa,Togo,2002,4977378,4411054800.618417
Africa,Togo,2007,5701579,5034322889.201261
Africa,Tunisia,1972,5303507,14602071542.180958
Africa,Tunisia,1977,6005061,18741055623.54047
Africa,Tunisia,1982,6734098,23974959096.56705
Africa,Tunisia,1987,7724976,29435397611.536896
Africa,Tunisia,1992,8523077,36928107577.22463
Africa,Tunisia,1997,9231669,45020990584.106766
Africa,Tunisia,2002,9770575,55915981214.35163
Africa,Tunisia,2007,10276158,72887997686.73795
Africa,Uganda,1972,10190285,9688269464.832664
Africa,Uganda,1977,11457758,9667290102.618397
Africa,Uganda,1982,12939400,8828115615.05592
Africa,Uganda,1987,15283050,9440712990.759825
Africa,Uganda,1992,18252190,11757527777.470211
Africa,Uganda,1997,21210254,17319425514.016575
Africa,Uganda,2002,24739869,22951696053.080765
Africa,Uganda,2007,29170398,30815028568.858154
Africa,Zambia,1972,4506497,7992264610.727705
Africa,Zambia,1977,5216550,8287471946.14845
Africa,Zambia,1982,6100407,8593512578.675955
Africa,Zambia,1987,7272406,8823720129.489096
Africa,Zambia,1992,8381163,10148621483.368177
Africa,Zambia,1997,9417789,10089784202.268402
Africa,Zambia,2002,10595811,11354618752.013718
Africa,Zambia,2007,11746035,14931695863.783754
Africa,Zimbabwe,1972,5861135,4685169626.257533
Africa,Zimbabwe,1977,6642107,4553746742.390185
Africa,Zimbabwe,1982,7636524,6024110453.881136
Africa,Zimbabwe,1987,9216418,6508240904.928266
Africa,Zimbabwe,1992,10704340,7422611852.129504
Africa,Zimbabwe,1997,11404948,9037850589.823565
Africa,Zimbabwe,2002,11926563,8015110972.06478
Africa,Zimbabwe,2007,12311143,5782658337.338729
Americas,Argentina,1972,24779799,233996596623.5363
Americas,Argentina,1977,26983828,271970723959.5607
Americas,Argentina,1982,29341374,264010673179.12408
Americas,Argentina,1987,31620918,289004799538.5151
Americas,Argentina,1992,33958947,316104097626.69836
Americas,Argentina,1997,36203463,397053586287.3929
Americas,Argentina,2002,38331121,337223430799.52264
Americas,Argentina,2007,40301927,515033625356.5662
Americas,Bolivia,1972,4565872,13607811411.462606
Americas,Bolivia,1977,5079716,18023329326.77571
Americas,Bolivia,1982,5642224,17809739028.52525
Americas,Bolivia,1987,6156369,16952740924.599812
Americas,Bolivia,1992,6893451,20416331717.303993
Americas,Bolivia,1997,7693188,25588644883.28291
Americas,Bolivia,2002,8445134,28825460794.25046
Americas,Bolivia,2007,9119152,34854649033.83277
Americas,Brazil,1972,100840058,502759433503.5451
Americas,Brazil,1977,114313951,761344477467.542
Americas,Brazil,1982,128962939,906717258453.5254
Americas,Brazil,1987,142938076,1115931255372.5662
Americas,Brazil,1992,155975974,1084077163776.1375
Americas,Brazil,1997,168546719,1341291557750.1165
Americas,Brazil,2002,179914212,1462920751252.6248
Americas,Brazil,2007,190010647,1722598680331.3838
Americas,Canada,1972,22284500,422749686329.67
Americas,Canada,1977,23796400,525683489648.984
Americas,Canada,1982,25201900,577093069633.066
Americas,Canada,1987,26549700,706925986091.991
Americas,Canada,1992,28523502,751391311875.8785
Americas,Canada,1997,30305843,877503438098.9752
Americas,Canada,2002,31902268,1063269575825.7787
Americas,Canada,2007,33390141,1212704377996.0364
Americas,Chile,1972,9717524,53388314323.13399
Americas,Chile,1977,10599793,50420712011.48595
Americas,Chile,1982,11487112,58534483046.96865
Americas,Chile,1987,12463354,69135019226.67091
Americas,Chile,1992,13572994,103102172132.61621
Americas,Chile,1997,14599929,147722858046.22424
Americas,Chile,2002,15497046,167039309147.5071
Americas,Chile,2007,16284741,214496727217.78784
Americas,Colombia,1972,22542890,73594872191.6585
Americas,Colombia,1977,25094412,95755454802.62244
Americas,Colombia,1982,27764644,122097122635.2004
Americas,Colombia,1987,30964245,151824477501.0795
Americas,Colombia,1992,34202721,186221797590.28687
Americas,Colombia,1997,37657830,230366568679.37115
Americas,Colombia,2002,41008227,236013006965.70737
Americas,Colombia,2007,44227550,309883885810.34344
Americas,Costa Rica,1972,1834796,9390755531.089445
Americas,Costa Rica,1977,2108457,12496565229.209919
Americas,Costa Rica,1982,2424367,12758800460.077618
Americas,Costa Rica,1987,2799811,15762698836.4049
Americas,Costa Rica,1992,3173216,19548331623.765472
Americas,Costa Rica,1997,3518107,23490559858.5006
Americas,Costa Rica,2002,3834934,29618910245.310127
Americas,Costa Rica,2007,4133884,39871565083.15528
Americas,Cuba,1972,8831348,46854233350.68509
Americas,Cuba,1977,9537988,60857084419.76841
Americas,Cuba,1982,9789224,71626950339.07898
Americas,Cuba,1987,10239839,77135936772.23315
Americas,Cuba,1992,10723260,59973519954.67938
Americas,Cuba,1997,10983007,59659588751.87791
Americas,Cuba,2002,11226999,71186433969.39432
Americas,Cuba,2007,11416987,102160374746.55301
Americas,Dominican Republic,1972,4671329,10229624253.539171
Americas,Dominican Republic,1977,5302800,14222050738.919998
Americas,Dominican Republic,1982,5968349,17075997880.890713
Americas,Dominican Republic,1987,6655297,19299310927.750977
Americas,Dominican Republic,1992,7351181,22378569689.886734
Americas,Dominican Republic,1997,7992357,28885187703.878746
Americas,Dominican Republic,2002,8650322,39478410078.32559
Americas,Dominican Republic,2007,9319622,56154215096.98374
Americas,Ecuador,1972,6298651,33263142611.13621
Americas,Ecuador,1977,7278866,48620082640.02316
Americas,Ecuador,1982,8365850,60349495671.031944
Americas,Ecuador,1987,9545158,61869585518.9499
Americas,Ecuador,1992,10748394,76353394349.88243
Americas,Ecuador,1997,11911819,88498333675.31027
Americas,Ecuador,2002,12921234,74594859031.96782
Americas,Ecuador,2007,13755680,94546397112.51167
Americas,El Salvador,1972,3790903,17135814152.465225
Americas,El Salvador,1977,4282586,22007877013.979164
Americas,El Salvador,1982,4474873,18339569693.414776
Americas,El Salvador,1987,4842194,20048823879.44082
Americas,El Salvador,1992,5274649,23441762292.1733
Americas,El Salvador,1997,5783439,29812618811.760746
Americas,El Salvador,2002,6353681,34002160153.359547
Americas,El Salvador,2007,6939688,39752986140.86363
Americas,Guatemala,1972,5149581,20760063435.58445
Americas,Guatemala,1977,5703430,27832697038.72564
Americas,Guatemala,1982,6395630,30830101093.7677
Americas,Guatemala,1987,7326406,31111480318.829445
Americas,Guatemala,1992,8486949,37677392867.087166
Americas,Guatemala,1997,9803875,45924427024.60213
Americas,Guatemala,2002,11178650,54309766224.98175
Americas,Guatemala,2007,12572928,65203833292.11879
Americas,Haiti,1972,4698301,7773136723.848746
Americas,Haiti,1977,4908554,9200097514.955774
Americas,Haiti,1982,5198399,10454809788.362051
Americas,Haiti,1987,5756203,10493650139.466986
Americas,Haiti,1992,6326682,9213607207.632593
Americas,Haiti,1997,6913545,9276089515.180395
Americas,Haiti,2002,7607651,9664493045.294731
Americas,Haiti,2007,8502814,10217297215.951357
Americas,Honduras,1972,2965146,7501351909.90737
Americas,Honduras,1977,3055235,9786553395.52551
Americas,Honduras,1982,3669448,11455138902.021711
Americas,Honduras,1987,4372203,13217592456.657898
Americas,Honduras,1992,5077347,15646832847.45824
Americas,Honduras,1997,5867957,18545413488.847042
Americas,Honduras,2002,6677328,20697904973.82048
Americas,Honduras,2007,7483763,26554867097.053497
Americas,Jamaica,1972,1997616,14850056193.925488
Americas,Jamaica,1977,2156814,14343234914.584421
Americas,Jamaica,1982,2298309,13946257030.167149
Americas,Jamaica,1987,2326606,14776827263.291971
Americas,Jamaica,1992,2378618,17613484765.76733
Americas,Jamaica,1997,2531311,18027806344.406944
Americas,Jamaica,2002,2664659,18638689786.3374
Americas,Jamaica,2007,2780132,20353013484.554585
Americas,Mexico,1972,55984294,381219826098.52686
Americas,Mexico,1977,63759976,489353295727.78143
Americas,Mexico,1982,71640904,688551298314.6171
Americas,Mexico,1987,80122492,696116709845.1195
Americas,Mexico,1992,88111030,834621536788.2738
Americas,Mexico,1997,95895146,936636422664.7893
Americas,Mexico,2002,102479927,1100884521316.2412
Americas,Mexico,2007,108700891,1301973070171.2893
Americas,Nicaragua,1972,2182908,10234767751.280436
Americas,Nicaragua,1977,2554598,14015472611.217222
Americas,Nicaragua,1982,2979423,10339605319.763987
Americas,Nicaragua,1987,3344353,9885855212.484375
Americas,Nicaragua,1992,4017939,8719537247.776834
Americas,Nicaragua,1997,4609572,10385471754.594288
Americas,Nicaragua,2002,5146848,12736126639.972513
Americas,Nicaragua,2007,5675356,15603375234.63854
Americas,Panama,1972,1616384,8670687327.278591
Americas,Panama,1977,1839782,9846351628.112608
Americas,Panama,1982,2036305,14273686782.01539
Americas,Panama,1987,2253639,15853852673.61688
Americas,Panama,1992,2484997,16447556623.02085
Americas,Panama,1997,2734531,19452611987.55381
Americas,Panama,2002,2990875,22000972010.60225
Americas,Panama,2007,3242173,31803076821.027027
Americas,Paraguay,1972,2614104,6596267899.027608
Americas,Paraguay,1977,2984494,9694750656.439634
Americas,Paraguay,1982,3366439,14335992614.146158
Americas,Paraguay,1987,3886512,15541678375.125841
Americas,Paraguay,1992,4483945,18816476471.14271
Americas,Paraguay,1997,5154123,21891623375.4261
Americas,Paraguay,2002,5884491,22264997029.865314
Americas,Paraguay,2007,6667147,27820927446.74221
Americas,Peru,1972,13954700,82860598386.0801
Americas,Peru,1977,15990099,100438462619.24464
Americas,Peru,1982,18125129,116626175121.35681
Americas,Peru,1987,20195924,128465130363.32227
Americas,Peru,1992,22430449,99734320550.35487
Americas,Peru,1997,24748122,144488140093.85016
Americas,Peru,2002,26769436,158181134666.88882
Americas,Peru,2007,28674757,212448566597.62366
Americas,Puerto Rico,1972,2847132,25974504080.983944
Americas,Puerto Rico,1977,3080828,30101306751.314587
Americas,Puerto Rico,1982,3279001,33875323753.83915
Americas,Puerto Rico,1987,3444468,42302689206.05388
Americas,Puerto Rico,1992,3585176,52492666708.68136
Americas,Puerto Rico,1997,3759430,63908179531.019005
Americas,Puerto Rico,2002,3859606,72775210745.96507
Americas,Puerto Rico,2007,3942491,76203261313.5439
Americas,Trinidad and Tobago,1972,975199,6455379924.257381
Americas,Trinidad and Tobago,1977,1039009,8207707919.138881
Americas,Trinidad and Tobago,1982,1116479,10181762179.614754
Americas,Trinidad and Tobago,1987,1191336,8802302576.061527
Americas,Trinidad and Tobago,1992,1183669,8724813465.489508
Americas,Trinidad and Tobago,1997,1138101,10006836267.273726
Americas,Trinidad and Tobago,2002,1101832,12627656072.62136
Americas,Trinidad and Tobago,2007,1056608,19027934931.05792
Americas,United States,1972,209896000,4576999719662.24
Americas,United States,1977,220239000,5301732427679.07
Americas,United States,1982,232187835,5806915391021.0625
Americas,United States,1987,242803533,7256025860957.998
Americas,United States,1992,256894189,8221624217605.753
Americas,United States,1997,272911760,9761353098899.434
Americas,United States,2002,287675526,11247278678120.613
Americas,United States,2007,301139947,12934458535084.986
Americas,Uruguay,1972,2829526,16137943765.522346
Americas,Uruguay,1977,2873520,18690350108.42376
Americas,Uruguay,1982,2953997,20442318131.984848
Americas,Uruguay,1987,3045153,22693695077.647255
Americas,Uruguay,1992,3149262,25625559931.72605
Americas,Uruguay,1997,3262838,30116780131.2093
Americas,Uruguay,2002,3363085,25986564534.62234
Americas,Uruguay,2007,3447496,36582976212.17304
Americas,Venezuela,1972,11515649,120974882898.41934
Americas,Venezuela,1977,13503563,177490169722.23486
Americas,Venezuela,1982,15620766,174209188664.34427
Americas,Venezuela,1987,17910182,177016799858.08594
Americas,Venezuela,1992,20265563,217529059872.66254
Americas,Venezuela,1997,22374398,227446835024.40164
Americas,Venezuela,2002,24287670,208996562053.54376
Americas,Venezuela,2007,26084662,297777432881.3268
Asia,Afghanistan,1972,13079460,9678553274.066868
Asia,Afghanistan,1977,14880372,11697659230.96992
Asia,Afghanistan,1982,12881816,12598563400.516861
Asia,Afghanistan,1987,13867957,11820990309.460773
Asia,Afghanistan,1992,16317921,10595901588.90338
Asia,Afghanistan,1997,22227415,14121995875.337666
Asia,Afghanistan,2002,25268405,18363410423.978592
Asia,Afghanistan,2007,31889923,31079291948.889942
Asia,Bahrain,1972,230800,4216406356.412
Asia,Bahrain,1977,297410,5751939723.9236
Asia,Bahrain,1982,377967,7261179715.31877
Asia,Bahrain,1987,454612,8421243625.96472
Asia,Bahrain,1992,529491,10079167850.302471
Asia,Bahrain,1997,598561,12146009861.839191
Asia,Bahrain,2002,656397,15362026094.15019
Asia,Bahrain,2007,708573,21112675360.41882
Asia,Bangladesh,1972,70759295,44594887096.43332
Asia,Bangladesh,1977,80428306,53072807953.81465
Asia,Bangladesh,1982,93074406,63009685013.49184
Asia,Bangladesh,1987,103764241,78028572051.81024
Asia,Bangladesh,1992,113704579,95262852013.65233
Asia,Bangladesh,1997,123315288,119957417048.45815
Asia,Bangladesh,2002,135656790,154159077920.51968
Asia,Bangladesh,2007,150448339,209311822133.85147
Asia,Cambodia,1972,7450606,3141354495.624574
Asia,Cambodia,1977,6978607,3663574552.4848027
Asia,Cambodia,1982,7272485,4541488549.531824
Asia,Cambodia,1987,8371791,5725430804.655601
Asia,Cambodia,1992,10150094,6925441367.823497
Asia,Cambodia,1997,11782962,8652054255.27354
Asia,Cambodia,2002,12926707,11585251105.560617
Asia,Cambodia,2007,14131858,24218877033.97859
Asia,China,1972,862030000,583508186392.963
Asia,China,1977,943455000,699324197164.5044
Asia,China,1982,1000281000,962691820907.9205
Asia,China,1987,1084035000,1494780217152.63
Asia,China,1992,1164970000,1928938870545.26
Asia,China,1997,1230075000,2815929679840.2
Asia,China,2002,1280400000,3993927259238.4004
Asia,China,2007,1318683096,6539500929092.309
Asia,Hong Kong China,1972,4115700,34225865466.3765
Asia,Hong Kong China,1977,4583700,51273915647.625
Asia,Hong Kong China,1982,5264500,76653912869.895
Asia,Hong Kong China,1987,5584510,111905051122.03189
Asia,Hong Kong China,1992,5829696,144329299236.98495
Asia,Hong Kong China,1997,6495918,184338771740.40042
Asia,Hong Kong China,2002,6762476,204287740003.13614
Asia,Hong Kong China,2007,6980412,277296717807.812
Asia,India,1972,567000000,410526442809
Asia,India,1977,634000000,515655862782
Asia,India,1982,708000000,605852264691.6
Asia,India,1987,788000000,769491988372.7999
Asia,India,1992,872000000,1015362737448
Asia,India,1997,959000000,1399005926878
Asia,India,2002,1034172547,1806461015264.9792
Asia,India,2007,1110396331,2722925438772.817
Asia,Indonesia,1972,121282000,134757389176.774
Asia,Indonesia,1977,136725000,189049938606.6
Asia,Indonesia,1982,153343000,232601854598.884
Asia,Indonesia,1987,169276000,295954872930.236
Asia,Indonesia,1992,184816000,440442568204.768
Asia,Indonesia,1997,199278000,621614960294.634
Asia,Indonesia,2002,211060000,606568050342.2001
Asia,Indonesia,2007,223547000,791502035177.5079
Asia,Iran,1972,30614000,294317442834.698
Asia,Iran,1977,35480679,421815425794.4593
Asia,Iran,1982,43072751,327711901836.6301
Asia,Iran,1987,51889696,344697094905.25323
Asia,Iran,1992,60397973,437018785886.1879
Asia,Iran,1997,63327987,523316539155.0541
Asia,Iran,2002,66907826,618279294330.7163
Asia,Iran,2007,69453570,806058303731.2294
Asia,Iraq,1972,10061506,96349359728.37958
Asia,Iraq,1977,11882916,174539063525.06412
Asia,Iraq,1982,14173318,205766914164.49097
Asia,Iraq,1987,16543189,192621823480.4765
Asia,Iraq,1992,17861905,66904278115.328735
Asia,Iraq,1997,20775703,63911044337.70088
Asia,Iraq,2002,24001816,105385189030.63858
Asia,Iraq,2007,27499638,122952583890.59003
Asia,Israel,1972,3095893,39586973982.33139
Asia,Israel,1977,3495918,46518849615.38478
Asia,Israel,1982,3858421,59292468172.8932
Asia,Israel,1987,4203148,71968316978.59927
Asia,Israel,1992,4936550,89112243594.837
Asia,Israel,1997,5531387,115587232694.21588
Asia,Israel,2002,6029529,132080421158.88907
Asia,Israel,2007,6426679,164029908949.7509
Asia,Japan,1972,107188273,1584112586964.3562
Asia,Japan,1977,113872473,1891464707591.0457
Asia,Japan,1982,118454974,2296143737891.302
Asia,Japan,1987,122091325,2731908393473.104
Asia,Japan,1992,124329269,3335119600027.9746
Asia,Japan,1997,125956499,3629636158476.35
Asia,Japan,2002,127065841,3634666526235.2876
Asia,Japan,2007,127467972,4035134797102.1743
Asia,Jordan,1972,1613551,3405974308.2432585
Asia,Jordan,1977,1937652,5526864720.438336
Asia,Jordan,1982,2347031,9766972259.667728
Asia,Jordan,1987,2820042,12545464196.396303
Asia,Jordan,1992,3867409,13271376154.750624
Asia,Jordan,1997,4526235,16499844607.071419
Asia,Jordan,2002,5307470,20406782659.63918
Asia,Jordan,2007,6053193,27357170724.069004
Asia,Korea Dem. Rep.,1972,14781241,54714559526.62522
Asia,Korea Dem. Rep.,1977,16325320,67036681906.324684
Asia,Korea Dem. Rep.,1982,17647518,72469979025.67278
Asia,Korea Dem. Rep.,1987,19067554,78300763966.84752
Asia,Korea Dem. Rep.,1992,20711375,77171898567.29211
Asia,Korea Dem. Rep.,1997,21585105,36495163359.65547
Asia,Korea Dem. Rep.,2002,22215365,36583333391.19012
Asia,Korea Dem. Rep.,2007,23301725,37121173721.953
Asia,Korea Rep.,1972,33505000,101549522158.25
Asia,Korea Rep.,1977,36436000,169690505084.72
Asia,Korea Rep.,1982,39326000,221127835339.26398
Asia,Korea Rep.,1987,41622000,355164222241.70996
Asia,Korea Rep.,1992,43805450,530233376255.024
Asia,Korea Rep.,1997,46173816,738482217215.8954
Asia,Korea Rep.,2002,47969150,922638064104.647
Asia,Korea Rep.,2007,49044790,1145104609948.5066
Asia,Kuwait,1972,841934,92063687054.778
Asia,Kuwait,1977,1140357,67583801714.93898
Asia,Kuwait,1982,1497494,46952480381.46062
Asia,Kuwait,1987,1891487,53185644767.58026
Asia,Kuwait,1992,1418095,49538198605.98105
Asia,Kuwait,1997,1765345,71144497943.28621
Asia,Kuwait,2002,2111561,74137129817.53526
Asia,Kuwait,2007,2505559,118530454006.18703
Asia,Lebanon,1972,2680018,20063644788.798138
Asia,Lebanon,1977,3115787,26981770825.54993
Asia,Lebanon,1982,3086876,23585336336.906395
Asia,Lebanon,1987,3089353,16611733228.520136
Asia,Lebanon,1992,3219994,22188356725.038876
Asia,Lebanon,1997,3430388,30032922931.4738
Asia,Lebanon,2002,3677780,34254617950.197395
Asia,Lebanon,2007,3921278,41020719258.59304
Asia,Malaysia,1972,11441462,32597809659.76836
Asia,Malaysia,1977,12845381,49171111017.61355
Asia,Malaysia,1982,14441916,71059367334.44211
Asia,Malaysia,1987,16331785,85738648221.2256
Asia,Malaysia,1992,18319502,133327738132.0646
Asia,Malaysia,1997,20476091,207482379883.41724
Asia,Malaysia,2002,22662365,231314259623.22812
Asia,Malaysia,2007,24821286,309066109785.3588
Asia,Mongolia,1972,1320500,1877410277.9875
Asia,Mongolia,1977,1528000,2517397824.12
Asia,Mongolia,1982,1756032,3513123131.384448
Asia,Mongolia,1987,2015133,4711397687.664432
Asia,Mongolia,1992,2312802,4129281353.408832
Asia,Mongolia,1997,2494803,4745744245.8363
Asia,Mongolia,2002,2674234,5724837882.703582
Asia,Mongolia,2007,2874127,8897642669.932417
Asia,Myanmar,1972,28466390,10162501230
Asia,Myanmar,1977,31528087,11696920277
Asia,Myanmar,1982,34680442,14704507408
Asia,Myanmar,1987,38028578,14641002530
Asia,Myanmar,1992,40546538,14069648686
Asia,Myanmar,1997,43247867,17947864805
Asia,Myanmar,2002,45598081,27860427491
Asia,Myanmar,2007,47761980,45087309120
Asia,Nepal,1972,12412593,8375870413.956054
Asia,Nepal,1977,13933198,9671206057.996479
Asia,Nepal,1982,15796314,11347646973.032936
Asia,Nepal,1987,17917180,13897146222.282719
Asia,Nepal,1992,20326209,18247658193.225723
Asia,Nepal,1997,23001113,23251644296.949596
Asia,Nepal,2002,25873917,27354068342.690186
Asia,Nepal,2007,28901790,31542251118.20262
Asia,Oman,1972,829050,8802884859.877499
Asia,Oman,1977,1004533,11902052462.989359
Asia,Oman,1982,1301048,16854804933.978481
Asia,Oman,1987,1593882,28873528072.89066
Asia,Oman,1992,1915208,35654866007.68728
Asia,Oman,1997,2283635,44992304219.66936
Asia,Oman,2002,2713462,53658268402.94394
Asia,Oman,2007,3204897,71521099580.48439
Asia,Pakistan,1972,69325921,72787986851.6265
Asia,Pakistan,1977,78152686,91901399757.27438
Asia,Pakistan,1982,91462088,132019106316.20921
Asia,Pakistan,1987,105186881,179310664748.31763
Asia,Pakistan,1992,120065004,236747712482.47784
Asia,Pakistan,1997,135564834,277819863187.17847
Asia,Pakistan,2002,153403524,321029463168.0421
Asia,Pakistan,2007,169270617,441110354736.25684
Asia,Philippines,1972,40850141,81266211261.24387
Asia,Philippines,1977,46850962,111186903868.47409
Asia,Philippines,1982,53456774,139162617315.7341
Asia,Philippines,1987,60017788,131417048927.29105
Asia,Philippines,1992,67185766,153138130044.342
Asia,Philippines,1997,75012988,190273063890.6059
Asia,Philippines,2002,82995088,220013427319.714
Asia,Philippines,2007,91077287,290580355162.2836
Asia,Saudi Arabia,1972,6472756,160766615318.8594
Asia,Saudi Arabia,1977,8128505,277732829132.913
Asia,Saudi Arabia,1982,11254672,379205636077.268
Asia,Saudi Arabia,1987,14619745,309913175526.5532
Asia,Saudi Arabia,1992,16945857,420962502379.0789
Asia,Saudi Arabia,1997,21229759,437050471341.36426
Asia,Saudi Arabia,2002,24501530,465885351158.00543
Asia,Saudi Arabia,2007,27601038,597695839259.5537
Asia,Singapore,1972,2152400,18505810449.1848
Asia,Singapore,1977,2325300,26066821067.844
Asia,Singapore,1982,2651869,40226628130.133286
Asia,Singapore,1987,2794552,52709528648.14712
Asia,Singapore,1992,3235865,80152023987.888
Asia,Singapore,1997,3802309,127451407551.4694
Asia,Singapore,2002,4197776,151216927293.5904
Asia,Singapore,2007,4553009,214643321189.53677
Asia,Sri Lanka,1972,13016733,15794445637.40349
Asia,Sri Lanka,1977,14116836,19040444665.960236
Asia,Sri Lanka,1982,15410151,25397158408.538136
Asia,Sri Lanka,1987,16495304,30957839348.480408
Asia,Sri Lanka,1992,17587060,37877940921.66732
Asia,Sri Lanka,1997,18698655,49822140983.989334
Asia,Sri Lanka,2002,19576783,59031417076.43424
Asia,Sri Lanka,2007,20378239,80903553056.64827
Asia,Syria,1972,6701172,17231547901.572407
Asia,Syria,1977,7932503,25348191033.168747
Asia,Syria,1982,9410494,35400751245.98121
Asia,Syria,1987,11242847,35041416419.7894
Asia,Syria,1992,13219062,44158841963.84361
Asia,Syria,1997,15081016,60538802164.55556
Asia,Syria,2002,17155814,70183154066.52443
Asia,Syria,2007,19314747,80823487648.36848
Asia,Taiwan,1972,15226039,61856147294.153984
Asia,Taiwan,1977,16785196,93938682197.2959
Asia,Taiwan,1982,18501390,137397885952.13586
Asia,Taiwan,1987,19757799,218413809089.58826
Asia,Taiwan,1992,20686918,314765067293.3522
Asia,Taiwan,1997,21628605,437045349282.13293
Asia,Taiwan,2002,22454239,521733747819.8263
Asia,Taiwan,2007,23174294,665525790663.5509
Asia,Thailand,1972,39276153,59870954797.25321
Asia,Thailand,1977,44148285,86584704135.00098
Asia,Thailand,1982,48827160,116854125162.05196
Asia,Thailand,1987,52910342,157813231197.02036
Asia,Thailand,1992,56667095,261626115120.68677
Asia,Thailand,1997,60216677,352425659154.8135
Asia,Thailand,2002,62806748,371388079010.6457
Asia,Thailand,2007,65068149,485304043506.28876
Asia,Vietnam,1972,44655014,31236255710.308517
Asia,Vietnam,1977,50533506,36057532314.52932
Asia,Vietnam,1982,56142181,39705759524.13192
Asia,Vietnam,1987,62826491,51567948937.81485
Asia,Vietnam,1992,69940728,69172999028.93025
Asia,Vietnam,1997,76048996,105396057842.09392
Asia,Vietnam,2002,80908147,142758920197.8475
Asia,Vietnam,2007,85262356,208174556559.04782
Asia,West Bank and Gaza,1972,1089572,3414075012.759444
Asia,West Bank and Gaza,1977,1261091,4644385651.599954
Asia,West Bank and Gaza,1982,1425876,6182644080.953832
Asia,West Bank and Gaza,1987,1691210,8637343287.79464
Asia,West Bank and Gaza,1992,2104779,12665833359.678925
Asia,West Bank and Gaza,1997,2826046,20095073782.004475
Asia,West Bank and Gaza,2002,3389578,15305597343.493351
Asia,West Bank and Gaza,2007,4018332,12156859904.496937
Asia,Yemen Rep.,1972,7407075,9370298237.144325
Asia,Yemen Rep.,1977,8403990,15377328249.85623
Asia,Yemen Rep.,1982,9657618,19098490175.80218
Asia,Yemen Rep.,1987,11219340,22121638706.94492
Asia,Yemen Rep.,1992,13367997,25125105886.17398
Asia,Yemen Rep.,1997,15826497,33512362498.285423
Asia,Yemen Rep.,2002,18701257,41793958634.67954
Asia,Yemen Rep.,2007,22211743,50659874994.20616
Europe,Albania,1972,2263554,7500110047.336152
Europe,Albania,1977,2509048,8864476394.37768
Europe,Albania,1982,2780097,10094200602.590034
Europe,Albania,1987,3075321,11498418357.532934
Europe,Albania,1992,3326498,8307722182.800697
Europe,Albania,1997,3428038,10945912518.586952
Europe,Albania,2002,3508512,16153932129.805344
Europe,Albania,2007,3600523,21376411360.0421
Europe,Austria,1972,7544201,125698652513.1456
Europe,Austria,1977,7568430,149472120217.98898
Europe,Austria,1982,7574613,163589550350.13907
Europe,Austria,1987,7578903,179527736065.4012
Europe,Austria,1992,7914969,214036739549.62094
Europe,Austria,1997,8069876,234800471832.03815
Europe,Austria,2002,8148312,264148781751.7193
Europe,Austria,2007,8199783,296229400691.0841
Europe,Belgium,1972,9709100,161871509038.396
Europe,Belgium,1977,9821800,187772921747.664
Europe,Belgium,1982,9856303,206783717985.14468
Europe,Belgium,1987,9870200,222331812712.216
Europe,Belgium,1992,10045622,256922515586.0192
Europe,Belgium,1997,10199787,281118335091.1178
Europe,Belgium,2002,10311970,314369518653.4875
Europe,Belgium,2007,10392226,350141166520.1081
Europe,Bosnia and Herzegovina,1972,3819000,10922988275.25
Europe,Bosnia and Herzegovina,1977,4086000,14417374612.23
Europe,Bosnia and Herzegovina,1982,4172693,17219089833.9218
Europe,Bosnia and Herzegovina,1987,4338977,18718844705.98359
Europe,Bosnia and Herzegovina,1992,4256013,10839134938.078785
Europe,Bosnia and Herzegovina,1997,3607000,17192245745.728
Europe,Bosnia and Herzegovina,2002,4165416,25071535764.134426
Europe,Bosnia and Herzegovina,2007,4552198,33897026518.41899
Europe,Bulgaria,1972,8576200,56581431456.1276
Europe,Bulgaria,1977,8797022,66965046602.37563
Europe,Bulgaria,1982,8892098,73130318095.9054
Europe,Bulgaria,1987,8971958,73927631407.02539
Europe,Bulgaria,1992,8658506,54571302853.66363
Europe,Bulgaria,1997,8066057,48157496050.31932
Europe,Bulgaria,2002,7661799,58971163876.62727
Europe,Bulgaria,2007,7322858,78213929148.27957
Europe,Croatia,1972,4225310,38721121654.514366
Europe,Croatia,1977,4318673,48824261688.27941
Europe,Croatia,1982,4413368,58352765410.357124
Europe,Croatia,1987,4484310,61984751387.9814
Europe,Croatia,1992,4494013,37964499980.59535
Europe,Croatia,1997,4444595,43893062449.34643
Europe,Croatia,2002,4481020,52107043452.729004
Europe,Croatia,2007,4493312,65688728878.44864
Europe,Czech Republic,1972,9862158,129277640538.8688
Europe,Czech Republic,1977,10161915,150397974206.7873
Europe,Czech Republic,1982,10303704,158442411319.5492
Europe,Czech Republic,1987,10311597,168186719232.1098
Europe,Czech Republic,1992,10315702,147483810393.19644
Europe,Czech Republic,1997,10300707,165311042971.5677
Europe,Czech Republic,2002,10256295,180471922898.3349
Europe,Czech Republic,2007,10228744,233556067421.81143
Europe,Denmark,1972,4991596,94172484444.60716
Europe,Denmark,1977,5088419,103920280027.7285
Europe,Denmark,1982,5117810,110995270448.94879
Europe,Denmark,1987,5127024,128771236166.08945
Europe,Denmark,1992,5171393,136559629613.11105
Europe,Denmark,1997,5283663,157476118455.7892
Europe,Denmark,2002,5374693,172885062706.98157
Europe,Denmark,2007,5468120,192906627080.56882
Europe,Finland,1972,4639657,66620259081.5663
Europe,Finland,1977,4738902,73952569459.93266
Europe,Finland,1982,4826933,89458310061.91013
Europe,Finland,1987,4931729,104261743104.04567
Europe,Finland,1992,5041039,104083163954.02461
Europe,Finland,1997,5134406,121808392250.58119
Europe,Finland,2002,5193039,146467538809.04224
Europe,Finland,2007,5238460,173953983346.024
Europe,France,1972,51732000,833257241541.72
Europe,France,1977,53165019,972528294778.1676
Europe,France,1982,54433565,1104669186492.2449
Europe,France,1987,55630100,1227558382892.414
Europe,France,1992,57374179,1417360022289.6108
Europe,France,1997,58623428,1517747939261.9343
Europe,France,2002,59925035,1733393500385.632
Europe,France,2007,61083916,1861227940621.3972
Europe,Germany,1972,78717088,1418181247737.4539
Europe,Germany,1977,78160773,1603305779824.911
Europe,Germany,1982,78335266,1725845977575.6086
Europe,Germany,1987,77718298,1914915573601.2065
Europe,Germany,1992,80597764,2136268169644.1118
Europe,Germany,1997,82011073,2278996207434.3037
Europe,Germany,2002,82350671,2473468447076.1284
Europe,Germany,2007,82400996,2650870893900.9224
Europe,Greece,1972,8888628,113106276411.12996
Europe,Greece,1977,9308479,132138739654.37012
Europe,Greece,1982,9786480,149424095671.5672
Europe,Greece,1987,9974490,160794049220.7711
Europe,Greece,1992,10325429,181123475012.42987
Europe,Greece,1997,10502372,196895300009.9881
Europe,Greece,2002,10603863,238738073446.2924
Europe,Greece,2007,10706290,294834223726.7252
Europe,Hungary,1972,10394091,105693936955.046
Europe,Hungary,1977,10637171,124187241501.88026
Europe,Hungary,1982,10705535,134311542120.3031
Europe,Hungary,1987,10612740,137822135542.9452
Europe,Hungary,1992,10348684,109029890605.3282
Europe,Hungary,1997,10244684,119993697078.53119
Europe,Hungary,2002,10083313,149676048403.31027
Europe,Hungary,2007,9956108,179298995810.63953
Europe,Iceland,1972,209275,3306139764.0755
Europe,Iceland,1977,221823,4359922739.98281
Europe,Iceland,1982,233997,5445018346.1775
Europe,Iceland,1987,244676,6587462419.76528
Europe,Iceland,1992,259012,6512699263.29412
Europe,Iceland,1997,271192,7609945738.9947195
Europe,Iceland,2002,288030,8975937060.5388
Europe,Iceland,2007,301931,10924101860.925892
Europe,Ireland,1972,3024400,28824869546.662403
Europe,Ireland,1977,3271900,36484895159.247
Europe,Ireland,1982,3480000,43911758506.8
Europe,Ireland,1987,3539900,49108560194.147995
Europe,Ireland,1992,3557761,62470069169.98355
Europe,Ireland,1997,3667233,89927693739.3913
Europe,Ireland,2002,3879155,132190156526.46545
Europe,Ireland,2007,4109086,167141167137.8361
Europe,Italy,1972,54365564,667025988920.1119
Europe,Italy,1977,56059245,799179741816.5137
Europe,Italy,1982,56535636,934957147512.0059
Europe,Italy,1987,56729703,1089620726789.8585
Europe,Italy,1992,56840847,1251274219399.5964
Europe,Italy,1997,57479469,1418307303522.8118
Europe,Italy,2002,57926999,1620107994725.492
Europe,Italy,2007,58147733,1661264433000.4402
Europe,Montenegro,1972,527678,4104497951.662526
Europe,Montenegro,1977,560073,5374421249.683065
Europe,Montenegro,1982,562548,6313244220.45576
Europe,Montenegro,1987,569473,6681347764.04041
Europe,Montenegro,1992,621621,4353422615.518977
Europe,Montenegro,1997,692651,4478413551.798199
Europe,Montenegro,2002,720230,4722688037.72486
Europe,Montenegro,2007,684736,6336475807.461696
Europe,Netherlands,1972,13329874,250531591643.14557
Europe,Netherlands,1977,13852989,293808863797.9488
Europe,Netherlands,1982,14310401,306234860366.24445
Europe,Netherlands,1987,14665278,346853235808.6136
Europe,Netherlands,1992,15174244,406532406373.84485
Europe,Netherlands,1997,15604464,471974656555.1323
Europe,Netherlands,2002,16122830,543738536478.1174
Europe,Netherlands,2007,16570613,609764312245.5251
Europe,Norway,1972,3933004,74589639181.05203
Europe,Norway,1977,4043205,94252564410.39494
Europe,Norway,1982,4114787,108213282691.32898
Europe,Norway,1987,4186147,132035157036.0956
Europe,Norway,1992,4286357,145588949429.93054
Europe,Norway,1997,4405672,181880081160.07977
Europe,Norway,2002,4535591,202668235988.12277
Europe,Norway,2007,4627926,228421423674.68744
Europe,Poland,1972,33039545,264531348088.03818
Europe,Poland,1977,34621254,329183780346.86334
Europe,Poland,1982,36227381,306176833715.2205
Europe,Poland,1987,37740710,342774381700.6121
Europe,Poland,1992,38370697,296946267447.61914
Europe,Poland,1997,38654957,392718270288.30176
Europe,Poland,2002,38625976,463598198650.34204
Europe,Poland,2007,38518241,592792827796.0879
Europe,Portugal,1972,8970450,80933619341.82765
Europe,Portugal,1977,9662600,98292660518.072
Europe,Portugal,1982,9859650,115888777247.5815
Europe,Portugal,1987,9915289,129288514715.63164
Europe,Portugal,1992,9927680,160900556777.3184
Europe,Portugal,1997,10156415,179169637551.4574
Europe,Portugal,2002,10433867,208373796584.83328
Europe,Portugal,2007,10642836,218280817633.8757
Europe,Romania,1972,20662648,165537035770.6565
Europe,Romania,1977,21658597,202646437193.0723
Europe,Romania,1982,22356726,214743374426.87048
Europe,Romania,1987,22686371,219973253287.76245
Europe,Romania,1992,22797027,150424128715.75836
Europe,Romania,1997,22562458,165756170699.8151
Europe,Romania,2002,22404337,176666264621.0713
Europe,Romania,2007,22276056,240770207962.99414
Europe,Serbia,1972,8313288,87472977399.80711
Europe,Serbia,1977,8686367,112754859703.88852
Europe,Serbia,1982,9032824,137128138486.78479
Europe,Serbia,1987,9230783,146500635545.17334
Europe,Serbia,1992,9826397,91631822558.67848
Europe,Serbia,1997,10336594,81807115768.40457
Europe,Serbia,2002,10111559,73168001828.92632
Europe,Serbia,2007,10150265,99335920778.79921
Europe,Slovak Republic,1972,4593433,44437640820.80006
Europe,Slovak Republic,1977,4827803,52732470220.304115
Europe,Slovak Republic,1982,5048043,57287947438.27155
Europe,Slovak Republic,1987,5199318,62585581999.51044
Europe,Slovak Republic,1992,5302888,50369310506.68402
Europe,Slovak Republic,1997,5383010,65275620851.2565
Europe,Slovak Republic,2002,5410052,73786500198.17525
Europe,Slovak Republic,2007,5447502,101750154778.25371
Europe,Slovenia,1972,1694510,20983941200.761997
Europe,Slovenia,1977,1746919,26687734267.54623
Europe,Slovenia,1982,1861252,33254471590.631
Europe,Slovenia,1987,1945870,36346000744.780396
Europe,Slovenia,1992,1999210,28418203993.7201
Europe,Slovenia,1997,2011612,34521489478.548195
Europe,Slovenia,2002,2011497,41557566962.58192
Europe,Slovenia,2007,2009245,51774742721.419556
Europe,Spain,1972,34513161,367176936800.9909
Europe,Spain,1977,36439000,482340170513.63
Europe,Spain,1982,37983310,528962031083.20074
Europe,Spain,1987,38880702,612953611112.5573
Europe,Spain,1992,39549438,735740746843.7397
Europe,Spain,1997,39855442,814856426872.9403
Europe,Spain,2002,40152517,997206698031.1682
Europe,Spain,2007,40448191,1165759889360.7666
Europe,Sweden,1972,8122293,144836928909.29953
Europe,Sweden,1977,8251648,155590807217.6461
Europe,Sweden,1982,8325260,172061322425.375
Europe,Sweden,1987,8421403,198635036915.1658
Europe,Sweden,1992,8718867,208206690698.53162
Europe,Sweden,1997,8897619,224812535648.32883
Europe,Sweden,2002,8954175,262730098132.63275
Europe,Sweden,2007,9031088,305790367006.70483
Europe,Switzerland,1972,6401400,174086796614.256
Europe,Switzerland,1977,6316424,170431587415.50046
Europe,Switzerland,1982,6468126,183679999508.26514
Europe,Switzerland,1987,6649942,201371579184.6338
Europe,Switzerland,1992,6995447,222955601022.5441
Europe,Switzerland,1997,7193761,231173833391.7406
Europe,Switzerland,2002,7361757,253840431788.29648
Europe,Switzerland,2007,7554661,283348281397.7853
Europe,Turkey,1972,37492953,129376797192.61014
Europe,Turkey,1977,42404033,181028003992.74075
Europe,Turkey,1982,47328791,200738267961.7001
Europe,Turkey,1987,52881328,269115388365.695
Europe,Turkey,1992,58179144,330361441740.66003
Europe,Turkey,1997,63047647,416204622976.16
Europe,Turkey,2002,67308928,438052273010.6903
Europe,Turkey,2007,71158647,601879503437.4926
Europe,United Kingdom,1972,56079000,891382233156.39
Europe,United Kingdom,1977,56179000,979129659734.34
Europe,United Kingdom,1982,56339704,1027209400659.1421
Europe,United Kingdom,1987,56981620,1234494698392.6255
Europe,United Kingdom,1992,57866349,1313860808996.9365
Europe,United Kingdom,1997,58808266,1533397976044.222
Europe,United Kingdom,2002,59912431,1766158504919.931
Europe,United Kingdom,2007,60776238,2017969309929.4646
Oceania,Australia,1972,13177000,221223770657.96
Oceania,Australia,1977,14074100,258037329175.49103
Oceania,Australia,1982,15184200,295742804309.376
Oceania,Australia,1987,16257249,355853119294.0784
Oceania,Australia,1992,17481977,409511234952.4229
Oceania,Australia,1997,18565243,501223252920.63654
Oceania,Australia,2002,19546792,599847158654.3262
Oceania,Australia,2007,20434176,703658358893.6295
Oceania,New Zealand,1972,2929100,47000447796.848
Oceania,New Zealand,1977,3164900,51378093148.729996
Oceania,New Zealand,1982,3210650,56611498450.76
Oceania,New Zealand,1987,3317166,63050008702.684135
Oceania,New Zealand,1992,3437674,63127124699.78956
Oceania,New Zealand,1997,3676187,77385257445.89499
Oceania,New Zealand,2002,3908037,90626601698.44995
Oceania,New Zealand,2007,4115771,103655730129.67381
